species1,species2,divergence_time,distance,BMdiff,precdiff,parsim
Alouatta_caraya,Alouatta_guariba,4.569,932.2,388.63,57.512,0.318
Alouatta_caraya,Alouatta_palliata,3.888,3455.9,1000.03,54.883,0.226
Alouatta_caraya,Alouatta_seniculus,2.886,1908.1,821.35,9.534,0.25
Alouatta_caraya,Aotus_trivirgatus,21.321,1496.8,4664.56,27.586,0.154
Alouatta_caraya,Ateles_geoffroyi,14.76,3785.2,2005.44,54.884,0.24
Alouatta_caraya,Ateles_paniscus,14.76,1421.6,3120.29,16.694,0.214
Alouatta_caraya,Callithrix_jacchus,21.321,1739.3,5286.75,3.37,0.125
Alouatta_caraya,Cebus_apella,21.321,1054.6,2818.58,11.398,0.29
Alouatta_caraya,Cebus_capucinus,21.321,3109.3,2570.97,52.879,0.176
Alouatta_caraya,Cercocebus_galeritus,46.812,10701.8,1500.7,2.836,0.001
Alouatta_caraya,Cercopithecus_ascanius,46.812,8933.1,2036.72,0.053,0.063
Alouatta_caraya,Cercopithecus_mitis,46.812,9351.3,535.67,24.428,0.048
Alouatta_caraya,Chlorocebus_aethiops,46.812,10641,1880.97,6.938,0.038
Alouatta_caraya,Colobus_guereza,46.812,9353.8,4348.92,0.07,0.034
Alouatta_caraya,Erythrocebus_patas,46.812,7678.2,2389.34,27.058,0.038
Alouatta_caraya,Eulemur_fulvus,73.003,11429.4,3199.97,49.452,0.001
Alouatta_caraya,Gorilla_gorilla,46.812,7852.7,107012.03,7.212,0.025
Alouatta_caraya,Lophocebus_albigena,46.812,8636,1841.75,2.98,0.1
Alouatta_caraya,Macaca_fascicularis,46.812,17874.3,1007.64,60.492,0.001
Alouatta_caraya,Macaca_fuscata,46.812,15943.4,4537.8,151.928,0.001
Alouatta_caraya,Macaca_nemestrina,46.812,17764.8,2243.82,45.501,0.001
Alouatta_caraya,Macaca_sinica,46.812,15163.2,920.97,68.869,0.001
Alouatta_caraya,Mandrillus_sphinx,46.812,7596.9,11108.1,22.794,0.001
Alouatta_caraya,Pan_troglodytes,46.812,7307.5,39423.04,1.591,0.029
Alouatta_caraya,Papio_anubis,46.812,8240.8,12151.6,18.011,0.037
Alouatta_caraya,Papio_cynocephalus,46.812,9431,10245.19,14.79,0.018
Alouatta_caraya,Papio_hamadryas,46.812,11157.1,8430.12,24.514,0.029
Alouatta_caraya,Papio_ursinus,46.812,8766.4,12152.48,51.929,0.032
Alouatta_caraya,Piliocolobus_badius,46.812,5688.8,2853.44,17.718,0.056
Alouatta_caraya,Pongo_pygmaeus,46.812,18319.9,47831.33,3.195,0.001
Alouatta_caraya,Saguinus_midas,21.321,1378.5,5036.4,14.758,0.214
Alouatta_caraya,Saimiri_oerstedii,21.321,3302.3,4862.78,63.009,0.208
Alouatta_caraya,Saimiri_sciureus,21.321,1203.6,4827.49,14.832,0.174
Alouatta_caraya,Trachypithecus_cristatus,46.812,17805.5,1599.85,46.573,0.001
Alouatta_guariba,Alouatta_palliata,4.569,4382.4,1388.66,2.629,0.32
Alouatta_guariba,Alouatta_seniculus,4.569,2823,1209.98,67.046,0.448
Alouatta_guariba,Aotus_trivirgatus,21.321,2290.9,4275.93,85.098,0.261
Alouatta_guariba,Ateles_geoffroyi,14.76,4706.5,2394.07,2.627,0.238
Alouatta_guariba,Ateles_paniscus,14.76,2021.9,3508.92,74.206,0.24
Alouatta_guariba,Callithrix_jacchus,21.321,1284.4,4898.12,54.142,0.069
Alouatta_guariba,Cebus_apella,21.321,1746.8,2429.95,68.91,0.269
Alouatta_guariba,Cebus_capucinus,21.321,4040.6,2182.34,4.633,0.167
Alouatta_guariba,Cercocebus_galeritus,46.812,9855.9,1889.33,54.676,0.036
Alouatta_guariba,Cercopithecus_ascanius,46.812,8115.8,1648.09,57.565,0.069
Alouatta_guariba,Cercopithecus_mitis,46.812,8471.1,147.04,33.084,0.051
Alouatta_guariba,Chlorocebus_aethiops,46.812,9886.8,1492.34,64.45,0.042
Alouatta_guariba,Colobus_guereza,46.812,8582.8,4737.55,57.442,0.08
Alouatta_guariba,Erythrocebus_patas,46.812,6982.4,2777.97,84.57,0.048
Alouatta_guariba,Eulemur_fulvus,73.003,10522.1,2811.34,8.06,0.001
Alouatta_guariba,Gorilla_gorilla,46.812,7070.9,107400.66,50.3,0.013
Alouatta_guariba,Lophocebus_albigena,46.812,7835.8,2230.38,54.532,0.071
Alouatta_guariba,Macaca_fascicularis,46.812,16962.8,619.01,2.98,0.001
Alouatta_guariba,Macaca_fuscata,46.812,15574.7,4926.43,94.417,0.001
Alouatta_guariba,Macaca_nemestrina,46.812,16838.8,2632.45,12.011,0.001
Alouatta_guariba,Macaca_sinica,46.812,14268.3,532.34,11.357,0.037
Alouatta_guariba,Mandrillus_sphinx,46.812,6816.2,11496.73,34.718,0.037
Alouatta_guariba,Pan_troglodytes,46.812,6561,39811.67,59.103,0.03
Alouatta_guariba,Papio_anubis,46.812,7526,12540.23,75.523,0.039
Alouatta_guariba,Papio_cynocephalus,46.812,8575.1,10633.82,42.722,0.038
Alouatta_guariba,Papio_hamadryas,46.812,10383.3,8818.75,32.998,0.001
Alouatta_guariba,Papio_ursinus,46.812,7841.8,12541.11,5.583,0.034
Alouatta_guariba,Piliocolobus_badius,46.812,5111.2,3242.07,39.794,0.031
Alouatta_guariba,Pongo_pygmaeus,46.812,17436.2,48219.96,54.317,0.001
Alouatta_guariba,Saguinus_midas,21.321,1958,4647.77,72.27,0.24
Alouatta_guariba,Saimiri_oerstedii,21.321,4231.8,4474.15,5.498,0.2
Alouatta_guariba,Saimiri_sciureus,21.321,2036.1,4438.86,72.344,0.159
Alouatta_guariba,Trachypithecus_cristatus,46.812,16877.5,1988.48,10.939,0.001
Alouatta_palliata,Alouatta_seniculus,3.888,1783.7,178.68,64.418,0.439
Alouatta_palliata,Aotus_trivirgatus,21.321,2642.9,5664.59,82.469,0.241
Alouatta_palliata,Ateles_geoffroyi,14.76,364.2,1005.41,0.001,0.693
Alouatta_palliata,Ateles_paniscus,14.76,3226.4,2120.26,71.577,0.35
Alouatta_palliata,Callithrix_jacchus,21.321,4911.9,6286.78,51.513,0.111
Alouatta_palliata,Cebus_apella,21.321,3123.6,3818.61,66.282,0.404
Alouatta_palliata,Cebus_capucinus,21.321,417.1,3571,2.004,0.634
Alouatta_palliata,Cercocebus_galeritus,46.812,13960.9,500.67,52.047,0.001
Alouatta_palliata,Cercopithecus_ascanius,46.812,12153.5,3036.75,54.936,0.128
Alouatta_palliata,Cercopithecus_mitis,46.812,12728.9,1535.7,30.456,0.102
Alouatta_palliata,Chlorocebus_aethiops,46.812,13595.3,2881,61.821,0.018
Alouatta_palliata,Colobus_guereza,46.812,12426.2,3348.89,54.813,0.118
Alouatta_palliata,Erythrocebus_patas,46.812,10619.2,1389.31,81.941,0.156
Alouatta_palliata,Eulemur_fulvus,73.003,14857.6,4200,5.431,0.001
Alouatta_palliata,Gorilla_gorilla,46.812,11011.8,106012,47.671,0.012
Alouatta_palliata,Lophocebus_albigena,46.812,11818.2,841.72,51.903,0.132
Alouatta_palliata,Macaca_fascicularis,46.812,18374.7,2007.67,5.609,0.042
Alouatta_palliata,Macaca_fuscata,46.812,15385.2,3537.77,97.045,0.029
Alouatta_palliata,Macaca_nemestrina,46.812,18622.8,1243.79,9.382,0.065
Alouatta_palliata,Macaca_sinica,46.812,18458.4,1921,13.986,0.001
Alouatta_palliata,Mandrillus_sphinx,46.812,10762.2,10108.07,32.09,0.029
Alouatta_palliata,Pan_troglodytes,46.812,10398.4,38423.01,56.475,0.08
Alouatta_palliata,Papio_anubis,46.812,11202.9,11151.57,72.894,0.097
Alouatta_palliata,Papio_cynocephalus,46.812,12745.4,9245.16,40.093,0.066
Alouatta_palliata,Papio_hamadryas,46.812,14150.9,7430.09,30.37,0.001
Alouatta_palliata,Papio_ursinus,46.812,12222.3,11152.45,2.955,0.059
Alouatta_palliata,Piliocolobus_badius,46.812,8478.9,1853.41,37.165,0.05
Alouatta_palliata,Pongo_pygmaeus,46.812,17871.4,46831.3,51.688,0.001
Alouatta_palliata,Saguinus_midas,21.321,3282.7,6036.43,69.641,0.351
Alouatta_palliata,Saimiri_oerstedii,21.321,195.6,5862.81,8.126,0.138
Alouatta_palliata,Saimiri_sciureus,21.321,2679,5827.52,69.715,0.344
Alouatta_palliata,Trachypithecus_cristatus,46.812,18620.3,599.82,8.31,0.054
Alouatta_seniculus,Aotus_trivirgatus,21.321,866.6,5485.91,18.052,0.162
Alouatta_seniculus,Ateles_geoffroyi,14.76,2146.9,1184.09,64.419,0.282
Alouatta_seniculus,Ateles_paniscus,14.76,1449.8,2298.94,7.16,0.184
Alouatta_seniculus,Callithrix_jacchus,21.321,3151.3,6108.1,12.905,0.093
Alouatta_seniculus,Cebus_apella,21.321,1347.6,3639.93,1.864,0.396
Alouatta_seniculus,Cebus_capucinus,21.321,1375,3392.32,62.414,0.229
Alouatta_seniculus,Cercocebus_galeritus,46.812,12177.3,679.35,12.37,0.001
Alouatta_seniculus,Cercopithecus_ascanius,46.812,10369.9,2858.07,9.482,0.047
Alouatta_seniculus,Cercopithecus_mitis,46.812,10964.2,1357.02,33.962,0.038
Alouatta_seniculus,Chlorocebus_aethiops,46.812,11851.7,2702.32,2.597,0.032
Alouatta_seniculus,Colobus_guereza,46.812,10654.9,3527.57,9.605,0.079
Alouatta_seniculus,Erythrocebus_patas,46.812,8859,1567.99,17.524,0.056
Alouatta_seniculus,Eulemur_fulvus,73.003,13112.2,4021.32,58.986,0.001
Alouatta_seniculus,Gorilla_gorilla,46.812,9229.2,106190.68,16.747,0.034
Alouatta_seniculus,Lophocebus_albigena,46.812,10035.4,1020.4,12.514,0.048
Alouatta_seniculus,Macaca_fascicularis,46.812,19780,1828.99,70.026,0.001
Alouatta_seniculus,Macaca_fuscata,46.812,16593.7,3716.45,161.463,0.001
Alouatta_seniculus,Macaca_nemestrina,46.812,19619.1,1422.47,55.035,0.001
Alouatta_seniculus,Macaca_sinica,46.812,16685.1,1742.32,78.404,0.026
Alouatta_seniculus,Mandrillus_sphinx,46.812,8979.1,10286.75,32.328,0.024
Alouatta_seniculus,Pan_troglodytes,46.812,8619.1,38601.69,7.943,0.067
Alouatta_seniculus,Papio_anubis,46.812,9442.6,11330.25,8.476,0.031
Alouatta_seniculus,Papio_cynocephalus,46.812,10966.1,9423.84,24.324,0.015
Alouatta_seniculus,Papio_hamadryas,46.812,12402.9,7608.77,34.048,0.001
Alouatta_seniculus,Papio_ursinus,46.812,10556.6,11331.13,61.463,0.028
Alouatta_seniculus,Piliocolobus_badius,46.812,6728.1,2032.09,27.252,0.022
Alouatta_seniculus,Pongo_pygmaeus,46.812,19651.3,47009.98,12.729,0.001
Alouatta_seniculus,Saguinus_midas,21.321,1503,5857.75,5.224,0.27
Alouatta_seniculus,Saimiri_oerstedii,21.321,1596,5684.13,72.544,0.118
Alouatta_seniculus,Saimiri_sciureus,21.321,906.7,5648.84,5.298,0.357
Alouatta_seniculus,Trachypithecus_cristatus,46.812,19625.9,778.5,56.107,0.001
Aotus_trivirgatus,Ateles_geoffroyi,21.321,3007,6670,82.471,0.318
Aotus_trivirgatus,Ateles_paniscus,21.321,583.9,7784.85,10.892,0.31
Aotus_trivirgatus,Callithrix_jacchus,19.488,2356.2,622.19,30.957,0.067
Aotus_trivirgatus,Cebus_apella,20.093,577,1845.98,16.188,0.31
Aotus_trivirgatus,Cebus_capucinus,20.093,2229.6,2093.59,80.465,0.286
Aotus_trivirgatus,Cercocebus_galeritus,46.812,11320.6,6165.26,30.422,0.001
Aotus_trivirgatus,Cercopithecus_ascanius,46.812,9513.2,2627.84,27.533,0.034
Aotus_trivirgatus,Cercopithecus_mitis,46.812,10135.4,4128.89,52.014,0.001
Aotus_trivirgatus,Chlorocebus_aethiops,46.812,10985.8,2783.59,20.649,0.063
Aotus_trivirgatus,Colobus_guereza,46.812,9789.1,9013.48,27.657,0.001
Aotus_trivirgatus,Erythrocebus_patas,46.812,7992.4,7053.9,0.528,0.095
Aotus_trivirgatus,Eulemur_fulvus,73.003,12293.9,1464.59,77.038,0.001
Aotus_trivirgatus,Gorilla_gorilla,46.812,8369.3,111676.59,34.798,0.001
Aotus_trivirgatus,Lophocebus_albigena,46.812,9175.8,6506.31,30.566,0.001
Aotus_trivirgatus,Macaca_fascicularis,46.812,19005.7,3656.92,88.078,0.026
Aotus_trivirgatus,Macaca_fuscata,46.812,17117.9,9202.36,179.515,0.001
Aotus_trivirgatus,Macaca_nemestrina,46.812,18764.1,6908.38,73.087,0.001
Aotus_trivirgatus,Macaca_sinica,46.812,15820.9,3743.59,96.455,0.001
Aotus_trivirgatus,Mandrillus_sphinx,46.812,8120.2,15772.66,50.38,0.001
Aotus_trivirgatus,Pan_troglodytes,46.812,7755.8,44087.6,25.995,0.001
Aotus_trivirgatus,Papio_anubis,46.812,8575.9,16816.16,9.576,0.02
Aotus_trivirgatus,Papio_cynocephalus,46.812,10121.1,14909.75,42.376,0.019
Aotus_trivirgatus,Papio_hamadryas,46.812,11536.7,13094.68,52.1,0.001
Aotus_trivirgatus,Papio_ursinus,46.812,9801.6,16817.04,79.515,0.018
Aotus_trivirgatus,Piliocolobus_badius,46.812,5862.5,7518,45.304,0.03
Aotus_trivirgatus,Pongo_pygmaeus,46.812,19512.3,52495.89,30.781,0.001
Aotus_trivirgatus,Saguinus_midas,19.488,640,371.84,12.828,0.259
Aotus_trivirgatus,Saimiri_oerstedii,20.093,2452.2,198.22,90.596,0.19
Aotus_trivirgatus,Saimiri_sciureus,20.093,311.2,162.93,12.754,0.217
Aotus_trivirgatus,Trachypithecus_cristatus,46.812,18761.3,6264.41,74.159,0.001
Ateles_geoffroyi,Ateles_paniscus,2.68,3590.6,1114.85,71.579,0.433
Ateles_geoffroyi,Callithrix_jacchus,21.321,5268.3,7292.19,51.514,0.179
Ateles_geoffroyi,Cebus_apella,21.321,3484.5,4824.02,66.283,0.528
Ateles_geoffroyi,Cebus_capucinus,21.321,780.3,4576.41,2.005,0.754
Ateles_geoffroyi,Cercocebus_galeritus,46.812,14324,504.74,52.049,0.074
Ateles_geoffroyi,Cercopithecus_ascanius,46.812,12516.8,4042.16,54.937,0.194
Ateles_geoffroyi,Cercopithecus_mitis,46.812,13083,2541.11,30.457,0.146
Ateles_geoffroyi,Chlorocebus_aethiops,46.812,13955.4,3886.41,61.822,0.083
Ateles_geoffroyi,Colobus_guereza,46.812,12790.1,2343.48,54.814,0.192
Ateles_geoffroyi,Erythrocebus_patas,46.812,10982.1,383.9,81.943,0.231
Ateles_geoffroyi,Eulemur_fulvus,73.003,15203.4,5205.41,5.432,0.001
Ateles_geoffroyi,Gorilla_gorilla,46.812,11375.6,105006.59,47.672,0.038
Ateles_geoffroyi,Lophocebus_albigena,46.812,12182,163.69,51.904,0.188
Ateles_geoffroyi,Macaca_fascicularis,46.812,18010.6,3013.08,5.607,0.075
Ateles_geoffroyi,Macaca_fuscata,46.812,15084.3,2532.36,97.044,0.074
Ateles_geoffroyi,Macaca_nemestrina,46.812,18258.8,238.38,9.384,0.12
Ateles_geoffroyi,Macaca_sinica,46.812,18821.2,2926.41,13.985,0.037
Ateles_geoffroyi,Mandrillus_sphinx,46.812,11125.8,9102.66,32.091,0.071
Ateles_geoffroyi,Pan_troglodytes,46.812,10762.6,37417.6,56.476,0.101
Ateles_geoffroyi,Papio_anubis,46.812,11565.8,10146.16,72.895,0.13
Ateles_geoffroyi,Papio_cynocephalus,46.812,13105.2,8239.75,40.095,0.091
Ateles_geoffroyi,Papio_hamadryas,46.812,14511.4,6424.68,30.371,0.067
Ateles_geoffroyi,Papio_ursinus,46.812,12548,10147.04,2.956,0.083
Ateles_geoffroyi,Piliocolobus_badius,46.812,8841.2,848,37.167,0.094
Ateles_geoffroyi,Pongo_pygmaeus,46.812,17507.6,45825.89,51.689,0.001
Ateles_geoffroyi,Saguinus_midas,21.321,3646.7,7041.84,69.643,0.444
Ateles_geoffroyi,Saimiri_oerstedii,21.321,557.5,6868.22,8.125,0.3
Ateles_geoffroyi,Saimiri_sciureus,21.321,3039.8,6832.93,69.717,0.392
Ateles_geoffroyi,Trachypithecus_cristatus,46.812,18257.3,405.59,8.311,0.103
Ateles_paniscus,Callithrix_jacchus,21.321,1834.3,8407.04,20.065,0.125
Ateles_paniscus,Cebus_apella,21.321,388.6,5938.87,5.296,0.615
Ateles_paniscus,Cebus_capucinus,21.321,2812.5,5691.26,69.573,0.333
Ateles_paniscus,Cercocebus_galeritus,46.812,10738.7,1619.59,19.53,0.034
Ateles_paniscus,Cercopithecus_ascanius,46.812,8931.5,5157.01,16.641,0.032
Ateles_paniscus,Cercopithecus_mitis,46.812,9566.9,3655.96,41.122,0.05
Ateles_paniscus,Chlorocebus_aethiops,46.812,10405.1,5001.26,9.757,0.039
Ateles_paniscus,Colobus_guereza,46.812,9205.2,1228.63,16.764,0.037
Ateles_paniscus,Erythrocebus_patas,46.812,7410,730.95,10.364,0.042
Ateles_paniscus,Eulemur_fulvus,73.003,11729.2,6320.26,66.146,0.034
Ateles_paniscus,Gorilla_gorilla,46.812,7786.5,103891.74,23.906,0.013
Ateles_paniscus,Lophocebus_albigena,46.812,8593.1,1278.54,19.674,0.033
Ateles_paniscus,Macaca_fascicularis,46.812,18425.2,4127.93,77.186,0.001
Ateles_paniscus,Macaca_fuscata,46.812,17340.2,1417.51,168.623,0.032
Ateles_paniscus,Macaca_nemestrina,46.812,18180.3,876.47,62.195,0.001
Ateles_paniscus,Macaca_sinica,46.812,15236.9,4041.26,85.563,0.036
Ateles_paniscus,Mandrillus_sphinx,46.812,7537.8,7987.81,39.488,0.036
Ateles_paniscus,Pan_troglodytes,46.812,7172.1,36302.75,15.103,0.03
Ateles_paniscus,Papio_anubis,46.812,7993.4,9031.31,1.316,0.038
Ateles_paniscus,Papio_cynocephalus,46.812,9544.5,7124.9,31.484,0.038
Ateles_paniscus,Papio_hamadryas,46.812,10955.1,5309.83,41.208,0.031
Ateles_paniscus,Papio_ursinus,46.812,9275.6,9032.19,68.623,0.049
Ateles_paniscus,Piliocolobus_badius,46.812,5282.7,266.85,34.412,0.059
Ateles_paniscus,Pongo_pygmaeus,46.812,18928.9,44711.04,19.889,0.028
Ateles_paniscus,Saguinus_midas,21.321,72.6,8156.69,1.936,0.574
Ateles_paniscus,Saimiri_oerstedii,21.321,3035.3,7983.07,79.704,0.174
Ateles_paniscus,Saimiri_sciureus,21.321,656.4,7947.78,1.862,0.471
Ateles_paniscus,Trachypithecus_cristatus,46.812,18177.5,1520.44,63.267,0.001
Callithrix_jacchus,Cebus_apella,20.093,1807.4,2468.17,14.769,0.152
Callithrix_jacchus,Cebus_capucinus,20.093,4516.2,2715.78,49.509,0.143
Callithrix_jacchus,Cercocebus_galeritus,46.812,9083.1,6787.45,0.535,0.001
Callithrix_jacchus,Cercopithecus_ascanius,46.812,7286.9,3250.03,3.423,0.029
Callithrix_jacchus,Cercopithecus_mitis,46.812,7817.8,4751.08,21.057,0.001
Callithrix_jacchus,Chlorocebus_aethiops,46.812,8929.8,3405.78,10.308,0.018
Callithrix_jacchus,Colobus_guereza,46.812,7658.9,9635.67,3.3,0.001
Callithrix_jacchus,Erythrocebus_patas,46.812,5949.6,7676.09,30.429,0.036
Callithrix_jacchus,Eulemur_fulvus,73.003,9960.9,2086.78,46.082,0.001
Callithrix_jacchus,Gorilla_gorilla,46.812,6175.2,112298.78,3.842,0.012
Callithrix_jacchus,Lophocebus_albigena,46.812,6971.7,7128.5,0.39,0.001
Callithrix_jacchus,Macaca_fascicularis,46.812,16676.2,4279.11,57.121,0.001
Callithrix_jacchus,Macaca_fuscata,46.812,16467.3,9824.55,148.558,0.001
Callithrix_jacchus,Macaca_nemestrina,46.812,16468.5,7530.57,42.13,0.001
Callithrix_jacchus,Macaca_sinica,46.812,13599.2,4365.78,65.499,0.001
Callithrix_jacchus,Mandrillus_sphinx,46.812,5920.2,16394.85,19.423,0.001
Callithrix_jacchus,Pan_troglodytes,46.812,5605.1,44709.79,4.962,0.014
Callithrix_jacchus,Papio_anubis,46.812,6517.7,17438.35,21.381,0.018
Callithrix_jacchus,Papio_cynocephalus,46.812,7841.1,15531.94,11.419,0.035
Callithrix_jacchus,Papio_hamadryas,46.812,9456.4,13716.87,21.143,0.001
Callithrix_jacchus,Papio_ursinus,46.812,7447.4,17439.23,48.558,0.016
Callithrix_jacchus,Piliocolobus_badius,46.812,3951.6,8140.19,14.347,0.053
Callithrix_jacchus,Pongo_pygmaeus,46.812,17202.3,53118.08,0.175,0.001
Callithrix_jacchus,Saguinus_midas,15.712,1763.2,250.35,18.128,0.143
Callithrix_jacchus,Saimiri_oerstedii,20.093,4732.5,423.97,59.639,0.107
Callithrix_jacchus,Saimiri_sciureus,20.093,2244.6,459.26,18.203,0.244
Callithrix_jacchus,Trachypithecus_cristatus,46.812,16484,6886.6,43.203,0.001
Cebus_apella,Cebus_capucinus,6.449,2720,247.61,64.277,0.476
Cebus_apella,Cercocebus_galeritus,46.812,10842.6,4319.28,14.234,0.032
Cebus_apella,Cercopithecus_ascanius,46.812,9036.7,781.86,11.345,0.167
Cebus_apella,Cercopithecus_mitis,46.812,9616.6,2282.91,35.826,0.149
Cebus_apella,Chlorocebus_aethiops,46.812,10577.8,937.61,4.461,0.039
Cebus_apella,Colobus_guereza,46.812,9350.2,7167.5,11.469,0.226
Cebus_apella,Erythrocebus_patas,46.812,7576.5,5207.92,15.66,0.148
Cebus_apella,Eulemur_fulvus,73.003,11766,381.39,60.85,0.001
Cebus_apella,Gorilla_gorilla,46.812,7902.8,109830.61,18.61,0.024
Cebus_apella,Lophocebus_albigena,46.812,8707.5,4660.33,14.378,0.194
Cebus_apella,Macaca_fascicularis,46.812,18483.5,1810.94,71.89,0.023
Cebus_apella,Macaca_fuscata,46.812,16952.2,7356.38,163.327,0.032
Cebus_apella,Macaca_nemestrina,46.812,18271.6,5062.4,56.899,0.038
Cebus_apella,Macaca_sinica,46.812,15360.5,1897.61,80.267,0.033
Cebus_apella,Mandrillus_sphinx,46.812,7650.9,13926.68,34.192,0.065
Cebus_apella,Pan_troglodytes,46.812,7303.1,42241.62,9.807,0.095
Cebus_apella,Papio_anubis,46.812,8157.7,14970.18,6.612,0.119
Cebus_apella,Papio_cynocephalus,46.812,9621.9,13063.77,26.188,0.054
Cebus_apella,Papio_hamadryas,46.812,11121.8,11248.7,35.912,0.001
Cebus_apella,Papio_ursinus,46.812,9240.6,14971.06,63.327,0.063
Cebus_apella,Piliocolobus_badius,46.812,5471.2,5672.02,29.116,0.081
Cebus_apella,Pongo_pygmaeus,46.812,19009.7,50649.91,14.593,0.001
Cebus_apella,Saguinus_midas,20.093,368.7,2217.82,3.36,0.625
Cebus_apella,Saimiri_oerstedii,18.57,2939.3,2044.2,74.408,0.208
Cebus_apella,Saimiri_sciureus,18.57,444.8,2008.91,3.434,0.714
Cebus_apella,Trachypithecus_cristatus,46.812,18282.9,4418.43,57.971,0.031
Cebus_capucinus,Cercocebus_galeritus,46.812,13549.8,4071.67,50.043,0.001
Cebus_capucinus,Cercopithecus_ascanius,46.812,11742.4,534.25,52.932,0.122
Cebus_capucinus,Cercopithecus_mitis,46.812,12333.7,2035.3,28.452,0.102
Cebus_capucinus,Chlorocebus_aethiops,46.812,13178.8,690,59.817,0.035
Cebus_capucinus,Colobus_guereza,46.812,12009.8,6919.89,52.809,0.118
Cebus_capucinus,Erythrocebus_patas,46.812,10202.1,4960.31,79.937,0.147
Cebus_capucinus,Eulemur_fulvus,73.003,14472.8,629,3.427,0.001
Cebus_capucinus,Gorilla_gorilla,46.812,10598.9,109583,45.667,0.012
Cebus_capucinus,Lophocebus_albigena,46.812,11405.4,4412.72,49.899,0.132
Cebus_capucinus,Macaca_fascicularis,46.812,18790.5,1563.33,7.613,0.042
Cebus_capucinus,Macaca_fuscata,46.812,15743.4,7108.77,99.049,0.029
Cebus_capucinus,Macaca_nemestrina,46.812,19034.2,4814.79,7.378,0.065
Cebus_capucinus,Macaca_sinica,46.812,18041.4,1650,15.99,0.001
Cebus_capucinus,Mandrillus_sphinx,46.812,10349.8,13679.07,30.086,0.029
Cebus_capucinus,Pan_troglodytes,46.812,9983.7,41994.01,54.471,0.078
Cebus_capucinus,Papio_anubis,46.812,10785.9,14722.57,70.89,0.1
Cebus_capucinus,Papio_cynocephalus,46.812,12341,12816.16,38.089,0.063
Cebus_capucinus,Papio_hamadryas,46.812,13734.2,11001.09,28.366,0.001
Cebus_capucinus,Papio_ursinus,46.812,11866.7,14723.45,0.95,0.059
Cebus_capucinus,Piliocolobus_badius,46.812,8061.8,5424.41,35.161,0.024
Cebus_capucinus,Pongo_pygmaeus,46.812,18282.8,50402.3,49.684,0.001
Cebus_capucinus,Saguinus_midas,20.093,2869.6,2465.43,67.637,0.419
Cebus_capucinus,Saimiri_oerstedii,18.57,223,2291.81,10.13,0.375
Cebus_capucinus,Saimiri_sciureus,18.57,2276.4,2256.52,67.711,0.357
Cebus_capucinus,Trachypithecus_cristatus,46.812,19027.1,4170.82,6.306,0.054
Cercocebus_galeritus,Cercopithecus_ascanius,14.875,1807.5,3537.42,2.889,0.231
Cercocebus_galeritus,Cercopithecus_mitis,14.875,1502.8,2036.37,21.592,0.313
Cercocebus_galeritus,Chlorocebus_aethiops,14.875,1239.8,3381.67,9.773,0.152
Cercocebus_galeritus,Colobus_guereza,21.41,1671.6,2848.22,2.765,0.25
Cercocebus_galeritus,Erythrocebus_patas,14.875,3469.7,888.64,29.894,0.261
Cercocebus_galeritus,Eulemur_fulvus,73.003,1455.6,4700.67,46.616,0.034
Cercocebus_galeritus,Gorilla_gorilla,30,2954.7,105511.33,4.376,0.127
Cercocebus_galeritus,Lophocebus_albigena,11.35,2148.8,341.05,0.144,0.409
Cercocebus_galeritus,Macaca_fascicularis,12.853,7686.5,2508.34,57.656,0.116
Cercocebus_galeritus,Macaca_fuscata,12.853,9890.6,3037.1,149.093,0.2
Cercocebus_galeritus,Macaca_nemestrina,12.853,7445.7,743.12,42.665,0.107
Cercocebus_galeritus,Macaca_sinica,12.853,4519.9,2421.67,66.033,0.16
Cercocebus_galeritus,Mandrillus_sphinx,5.304,3201.5,9607.4,19.958,0.24
Cercocebus_galeritus,Pan_troglodytes,30,3583.6,37922.34,4.427,0.175
Cercocebus_galeritus,Papio_anubis,11.35,2910.2,10650.9,20.846,0.182
Cercocebus_galeritus,Papio_cynocephalus,11.35,1287,8744.49,11.954,0.163
Cercocebus_galeritus,Papio_hamadryas,11.35,1117.3,6929.42,21.678,0.138
Cercocebus_galeritus,Papio_ursinus,11.35,2759.2,10651.78,49.093,0.17
Cercocebus_galeritus,Piliocolobus_badius,21.41,5588,1352.74,14.882,0.333
Cercocebus_galeritus,Pongo_pygmaeus,30,8197.3,46330.63,0.359,0.088
Cercocebus_galeritus,Saguinus_midas,46.812,10680.6,6537.1,17.594,0.001
Cercocebus_galeritus,Saimiri_oerstedii,46.812,13772.1,6363.48,60.174,0.001
Cercocebus_galeritus,Saimiri_sciureus,46.812,11287.2,6328.19,17.668,0.001
Cercocebus_galeritus,Trachypithecus_cristatus,21.41,7448.9,99.15,43.737,0.179
Cercopithecus_ascanius,Cercopithecus_mitis,6.429,1106.4,1501.05,24.481,0.797
Cercopithecus_ascanius,Chlorocebus_aethiops,9.848,1915.9,155.75,6.885,0.229
Cercopithecus_ascanius,Colobus_guereza,21.41,741.8,6385.64,0.123,0.759
Cercopithecus_ascanius,Erythrocebus_patas,9.848,1813.1,4426.06,27.005,0.596
Cercopithecus_ascanius,Eulemur_fulvus,73.003,2987.6,1163.25,49.505,0.001
Cercopithecus_ascanius,Gorilla_gorilla,30,1154.6,109048.75,7.265,0.241
Cercopithecus_ascanius,Lophocebus_albigena,14.875,367.9,3878.47,3.033,0.807
Cercopithecus_ascanius,Macaca_fascicularis,14.875,9493.7,1029.08,60.545,0.16
Cercopithecus_ascanius,Macaca_fuscata,14.875,11533.3,6574.52,151.981,0.25
Cercopithecus_ascanius,Macaca_nemestrina,14.875,9253.2,4280.54,45.554,0.229
Cercopithecus_ascanius,Macaca_sinica,14.875,6324.2,1115.75,68.922,0.167
Cercopithecus_ascanius,Mandrillus_sphinx,14.875,1396.4,13144.82,22.846,0.342
Cercopithecus_ascanius,Pan_troglodytes,30,1797.6,41459.76,1.538,0.612
Cercopithecus_ascanius,Papio_anubis,14.875,1355,14188.32,17.958,0.697
Cercopithecus_ascanius,Papio_cynocephalus,14.875,758.8,12281.91,14.843,0.328
Cercopithecus_ascanius,Papio_hamadryas,14.875,2318.2,10466.84,24.566,0.194
Cercopithecus_ascanius,Papio_ursinus,14.875,2316.5,14189.2,51.982,0.352
Cercopithecus_ascanius,Piliocolobus_badius,21.41,3837.1,4890.16,17.771,0.476
Cercopithecus_ascanius,Pongo_pygmaeus,30,10004.8,49868.05,3.248,0.054
Cercopithecus_ascanius,Saguinus_midas,46.812,8873.2,2999.68,14.705,0.091
Cercopithecus_ascanius,Saimiri_oerstedii,46.812,11964.6,2826.06,63.062,0.074
Cercopithecus_ascanius,Saimiri_sciureus,46.812,9481.2,2790.77,14.779,0.111
Cercopithecus_ascanius,Trachypithecus_cristatus,21.41,9256.2,3636.57,46.626,0.229
Cercopithecus_mitis,Chlorocebus_aethiops,9.848,2298.2,1345.3,31.365,0.304
Cercopithecus_mitis,Colobus_guereza,21.41,1642,4884.59,24.357,0.737
Cercopithecus_mitis,Erythrocebus_patas,9.848,2860.1,2925.01,51.486,0.582
Cercopithecus_mitis,Eulemur_fulvus,73.003,2167.1,2664.3,25.024,0.026
Cercopithecus_mitis,Gorilla_gorilla,30,2061.9,107547.7,17.216,0.267
Cercopithecus_mitis,Lophocebus_albigena,14.875,1430.1,2377.42,21.448,0.793
Cercopithecus_mitis,Macaca_fascicularis,14.875,8874.8,471.97,36.064,0.179
Cercopithecus_mitis,Macaca_fuscata,14.875,10582.8,5073.47,127.501,0.257
Cercopithecus_mitis,Macaca_nemestrina,14.875,8655,2779.49,21.073,0.233
Cercopithecus_mitis,Macaca_sinica,14.875,5814.1,385.3,44.442,0.162
Cercopithecus_mitis,Mandrillus_sphinx,14.875,2250,11643.77,1.634,0.375
Cercopithecus_mitis,Pan_troglodytes,30,2701.1,39958.71,26.019,0.628
Cercopithecus_mitis,Papio_anubis,14.875,2451.4,12687.27,42.438,0.8
Cercopithecus_mitis,Papio_cynocephalus,14.875,461.2,10780.86,9.638,0.5
Cercopithecus_mitis,Papio_hamadryas,14.875,2469.7,8965.79,0.086,0.25
Cercopithecus_mitis,Papio_ursinus,14.875,1426.1,12688.15,27.501,0.541
Cercopithecus_mitis,Piliocolobus_badius,21.41,4736.2,3389.11,6.71,0.417
Cercopithecus_mitis,Pongo_pygmaeus,30,9398.6,48367,21.233,0.093
Cercopithecus_mitis,Saguinus_midas,46.812,9503.1,4500.73,39.186,0.073
Cercopithecus_mitis,Saimiri_oerstedii,46.812,12550.3,4327.11,38.582,0.026
Cercopithecus_mitis,Saimiri_sciureus,46.812,10058.7,4291.82,39.26,0.094
Cercopithecus_mitis,Trachypithecus_cristatus,21.41,8667.8,2135.52,22.145,0.233
Chlorocebus_aethiops,Colobus_guereza,21.41,1312,6229.89,7.008,0.361
Chlorocebus_aethiops,Erythrocebus_patas,8.627,3001.3,4270.31,20.121,0.306
Chlorocebus_aethiops,Eulemur_fulvus,73.003,2611.2,1319,56.39,0.001
Chlorocebus_aethiops,Gorilla_gorilla,30,2823.3,108893,14.15,0.117
Chlorocebus_aethiops,Lophocebus_albigena,14.875,2106.7,3722.72,9.918,0.17
Chlorocebus_aethiops,Macaca_fascicularis,14.875,8050.3,873.33,67.429,0.131
Chlorocebus_aethiops,Macaca_fuscata,14.875,10661.7,6418.77,158.866,0.178
Chlorocebus_aethiops,Macaca_nemestrina,14.875,7789.9,4124.79,52.438,0.08
Chlorocebus_aethiops,Macaca_sinica,14.875,4867.9,960,75.807,0.04
Chlorocebus_aethiops,Mandrillus_sphinx,14.875,3075.8,12989.07,29.731,0.13
Chlorocebus_aethiops,Pan_troglodytes,30,3334.1,41304.01,5.346,0.19
Chlorocebus_aethiops,Papio_anubis,14.875,2421.5,14032.57,11.073,0.356
Chlorocebus_aethiops,Papio_cynocephalus,14.875,1886.1,12126.16,21.727,0.2
Chlorocebus_aethiops,Papio_hamadryas,14.875,557.8,10311.09,31.451,0.17
Chlorocebus_aethiops,Papio_ursinus,14.875,3713.5,14033.45,58.866,0.29
Chlorocebus_aethiops,Piliocolobus_badius,21.41,5123.7,4734.41,24.655,0.204
Chlorocebus_aethiops,Pongo_pygmaeus,30,8526.9,49712.3,10.133,0.071
Chlorocebus_aethiops,Saguinus_midas,46.812,10356.2,3155.43,7.82,0.039
Chlorocebus_aethiops,Saimiri_oerstedii,46.812,13399.8,2981.81,69.947,0.042
Chlorocebus_aethiops,Saimiri_sciureus,46.812,11012,2946.52,7.895,0.029
Chlorocebus_aethiops,Trachypithecus_cristatus,21.41,7779.7,3480.82,53.511,0.137
Colobus_guereza,Erythrocebus_patas,21.41,1823.8,1959.58,27.129,0.717
Colobus_guereza,Eulemur_fulvus,73.003,3064.9,7548.89,49.382,0.001
Colobus_guereza,Gorilla_gorilla,30,1513.2,102663.11,7.142,0.299
Colobus_guereza,Lophocebus_albigena,21.41,817.3,2507.17,2.91,0.776
Colobus_guereza,Macaca_fascicularis,21.41,9229.2,5356.56,60.421,0.2
Colobus_guereza,Macaca_fuscata,21.41,11562.2,188.88,151.858,0.31
Colobus_guereza,Macaca_nemestrina,21.41,8976.6,2105.1,45.431,0.276
Colobus_guereza,Macaca_sinica,21.41,6033.2,5269.89,68.799,0.24
Colobus_guereza,Mandrillus_sphinx,21.41,1767,6759.18,22.723,0.457
Colobus_guereza,Pan_troglodytes,30,2054.3,35074.12,1.662,0.589
Colobus_guereza,Papio_anubis,21.41,1249.2,7802.68,18.081,0.725
Colobus_guereza,Papio_cynocephalus,21.41,1191.3,5896.27,14.719,0.471
Colobus_guereza,Papio_hamadryas,21.41,1803.7,4081.2,24.443,0.276
Colobus_guereza,Papio_ursinus,21.41,2990.3,7803.56,51.858,0.395
Colobus_guereza,Piliocolobus_badius,12.537,3965.4,1495.48,17.648,0.415
Colobus_guereza,Pongo_pygmaeus,30,9723.7,43482.41,3.125,0.065
Colobus_guereza,Saguinus_midas,46.812,9152.1,9385.32,14.828,0.111
Colobus_guereza,Saimiri_oerstedii,46.812,12232.7,9211.7,62.939,0.042
Colobus_guereza,Saimiri_sciureus,46.812,9790.3,9176.41,14.903,0.102
Colobus_guereza,Trachypithecus_cristatus,15.435,8972.3,2749.07,46.503,0.276
Erythrocebus_patas,Eulemur_fulvus,73.003,4778.2,5589.31,76.51,0.001
Erythrocebus_patas,Gorilla_gorilla,30,897.8,104622.69,34.27,0.198
Erythrocebus_patas,Lophocebus_albigena,14.875,1450.7,547.59,30.038,0.6
Erythrocebus_patas,Macaca_fascicularis,14.875,11034.1,3396.98,87.55,0.214
Erythrocebus_patas,Macaca_fuscata,14.875,13328.9,2148.46,178.987,0.269
Erythrocebus_patas,Macaca_nemestrina,14.875,10777.6,145.52,72.559,0.333
Erythrocebus_patas,Macaca_sinica,14.875,7839.2,3310.31,95.927,0.12
Erythrocebus_patas,Mandrillus_sphinx,14.875,877,8718.76,49.852,0.448
Erythrocebus_patas,Pan_troglodytes,30,631.9,37033.7,25.467,0.451
Erythrocebus_patas,Papio_anubis,14.875,583.9,9762.26,9.048,0.593
Erythrocebus_patas,Papio_cynocephalus,14.875,2570.2,7855.85,41.848,0.5
Erythrocebus_patas,Papio_hamadryas,14.875,3546.6,6040.78,51.572,0.143
Erythrocebus_patas,Papio_ursinus,14.875,3718,9763.14,78.987,0.283
Erythrocebus_patas,Piliocolobus_badius,21.41,2144.2,464.1,44.776,0.417
Erythrocebus_patas,Pongo_pygmaeus,30,11519.9,45441.99,30.253,0.067
Erythrocebus_patas,Saguinus_midas,46.812,7359.5,7425.74,12.3,0.08
Erythrocebus_patas,Saimiri_oerstedii,46.812,10424.7,7252.12,90.068,0.091
Erythrocebus_patas,Saimiri_sciureus,46.812,8011.4,7216.83,12.226,0.068
Erythrocebus_patas,Trachypithecus_cristatus,21.41,10770.2,789.49,73.631,0.273
Eulemur_fulvus,Gorilla_gorilla,73.003,4118.9,110212,42.24,0.013
Eulemur_fulvus,Lophocebus_albigena,73.003,3355.2,5041.72,46.472,0.001
Eulemur_fulvus,Macaca_fascicularis,73.003,6720.3,2192.33,11.04,0.001
Eulemur_fulvus,Macaca_fuscata,73.003,8551.3,7737.77,102.477,0.001
Eulemur_fulvus,Macaca_nemestrina,73.003,6507.6,5443.79,3.951,0.001
Eulemur_fulvus,Macaca_sinica,73.003,3752.2,2279,19.417,0.036
Eulemur_fulvus,Mandrillus_sphinx,73.003,4339.9,14308.07,26.658,0.036
Eulemur_fulvus,Pan_troglodytes,73.003,4770,42623.01,51.043,0.015
Eulemur_fulvus,Papio_anubis,73.003,4254.5,15351.57,67.463,0.02
Eulemur_fulvus,Papio_cynocephalus,73.003,2266,13445.16,34.662,0.019
Eulemur_fulvus,Papio_hamadryas,73.003,2279.3,11630.09,24.938,0.031
Eulemur_fulvus,Papio_ursinus,73.003,2751.4,15352.45,2.477,0.034
Eulemur_fulvus,Piliocolobus_badius,73.003,6818.5,6053.41,31.734,0.029
Eulemur_fulvus,Pongo_pygmaeus,73.003,7245.7,51031.3,46.257,0.028
Eulemur_fulvus,Saguinus_midas,73.003,11664.6,1836.43,64.21,0.001
Eulemur_fulvus,Saimiri_oerstedii,73.003,14685.4,1662.81,13.557,0.001
Eulemur_fulvus,Saimiri_sciureus,73.003,12205.4,1627.52,64.284,0.001
Eulemur_fulvus,Trachypithecus_cristatus,73.003,6523.8,4799.82,2.879,0.001
Gorilla_gorilla,Lophocebus_albigena,30,806.6,105170.28,4.232,0.344
Gorilla_gorilla,Macaca_fascicularis,30,10639.1,108019.67,53.28,0.087
Gorilla_gorilla,Macaca_fuscata,30,12634.9,102474.23,144.716,0.081
Gorilla_gorilla,Macaca_nemestrina,30,10395.6,104768.21,38.289,0.064
Gorilla_gorilla,Macaca_sinica,30,7458.8,107933,61.657,0.053
Gorilla_gorilla,Mandrillus_sphinx,30,255.8,95903.93,15.581,0.299
Gorilla_gorilla,Pan_troglodytes,8.652,651.2,67588.99,8.803,0.393
Gorilla_gorilla,Papio_anubis,30,833.1,94860.43,25.223,0.282
Gorilla_gorilla,Papio_cynocephalus,30,1854.2,96766.84,7.578,0.144
Gorilla_gorilla,Papio_hamadryas,30,3312.6,98581.91,17.302,0.118
Gorilla_gorilla,Papio_ursinus,30,2820.9,94859.55,44.717,0.188
Gorilla_gorilla,Piliocolobus_badius,30,2700.7,104158.59,10.506,0.2
Gorilla_gorilla,Pongo_pygmaeus,15.132,11146.9,59180.7,4.017,0.088
Gorilla_gorilla,Saguinus_midas,46.812,7729.3,112048.43,21.97,0.026
Gorilla_gorilla,Saimiri_oerstedii,46.812,10821.5,111874.81,55.797,0.013
Gorilla_gorilla,Saimiri_sciureus,46.812,8346.4,111839.52,22.044,0.01
Gorilla_gorilla,Trachypithecus_cristatus,30,10396.7,105412.18,39.361,0.101
Lophocebus_albigena,Macaca_fascicularis,12.853,9832.5,2849.39,57.512,0.18
Lophocebus_albigena,Macaca_fuscata,12.853,11901.1,2696.05,148.948,0.258
Lophocebus_albigena,Macaca_nemestrina,12.853,9589.2,402.07,42.521,0.273
Lophocebus_albigena,Macaca_sinica,12.853,6653.4,2762.72,65.889,0.185
Lophocebus_albigena,Mandrillus_sphinx,11.35,1056.7,9266.35,19.814,0.556
Lophocebus_albigena,Pan_troglodytes,30,1439.1,37581.29,4.571,0.609
Lophocebus_albigena,Papio_anubis,5.769,1023.8,10309.85,20.991,0.694
Lophocebus_albigena,Papio_cynocephalus,5.769,1119.9,8403.44,11.81,0.344
Lophocebus_albigena,Papio_hamadryas,5.769,2558.2,6588.37,21.534,0.2
Lophocebus_albigena,Papio_ursinus,5.769,2519.4,10310.73,48.949,0.348
Lophocebus_albigena,Piliocolobus_badius,21.41,3472.3,1011.69,14.738,0.419
Lophocebus_albigena,Pongo_pygmaeus,30,10340.6,45989.58,0.215,0.059
Lophocebus_albigena,Saguinus_midas,46.812,8535.8,6878.15,17.738,0.1
Lophocebus_albigena,Saimiri_oerstedii,46.812,11628,6704.53,60.029,0.04
Lophocebus_albigena,Saimiri_sciureus,46.812,9151.4,6669.24,17.812,0.113
Lophocebus_albigena,Trachypithecus_cristatus,21.41,9590.5,241.9,43.593,0.257
Macaca_fascicularis,Macaca_fuscata,6.878,3364.3,5545.44,91.437,0.211
Macaca_fascicularis,Macaca_nemestrina,6.878,270.5,3251.46,14.991,0.761
Macaca_fascicularis,Macaca_sinica,6.878,3196.3,86.67,8.377,0.133
Macaca_fascicularis,Mandrillus_sphinx,12.853,10887.6,12115.74,37.698,0.114
Macaca_fascicularis,Pan_troglodytes,30,11255.7,40430.68,62.083,0.123
Macaca_fascicularis,Papio_anubis,12.853,10450.3,13159.24,78.502,0.176
Macaca_fascicularis,Papio_cynocephalus,12.853,8884.9,11252.83,45.702,0.141
Macaca_fascicularis,Papio_hamadryas,12.853,7496.5,9437.76,35.978,0.089
Macaca_fascicularis,Papio_ursinus,12.853,9253,13160.12,8.563,0.151
Macaca_fascicularis,Piliocolobus_badius,21.41,13171.9,3861.08,42.774,0.087
Macaca_fascicularis,Pongo_pygmaeus,30,526.2,48838.97,57.297,0.085
Macaca_fascicularis,Saguinus_midas,46.812,18366.4,4028.76,75.25,0.026
Macaca_fascicularis,Saimiri_oerstedii,46.812,18567.5,3855.14,2.518,0.001
Macaca_fascicularis,Saimiri_sciureus,46.812,18914.5,3819.85,75.324,0.001
Macaca_fascicularis,Trachypithecus_cristatus,21.41,304.5,2607.49,13.919,0.654
Macaca_fuscata,Macaca_nemestrina,6.037,3610.7,2293.98,106.428,0.207
Macaca_fuscata,Macaca_sinica,6.037,6008.9,5458.77,83.059,0.074
Macaca_fuscata,Mandrillus_sphinx,12.853,12832.6,6570.3,129.135,0.115
Macaca_fuscata,Pan_troglodytes,30,13281.4,34885.24,153.52,0.131
Macaca_fuscata,Papio_anubis,12.853,12792.3,7613.8,169.939,0.217
Macaca_fuscata,Papio_cynocephalus,12.853,10791.1,5707.39,137.139,0.18
Macaca_fuscata,Papio_hamadryas,12.853,10117.4,3892.32,127.415,0.179
Macaca_fuscata,Papio_ursinus,12.853,10280.2,7614.68,100,0.154
Macaca_fuscata,Piliocolobus_badius,21.41,15315.9,1684.36,134.211,0.2
Macaca_fuscata,Pongo_pygmaeus,30,3184.5,43293.53,148.733,0.088
Macaca_fuscata,Saguinus_midas,46.812,17309.3,9574.2,166.687,0.037
Macaca_fuscata,Saimiri_oerstedii,46.812,15562.9,9400.58,88.919,0.001
Macaca_fuscata,Saimiri_sciureus,46.812,16841.3,9365.29,166.761,0.02
Macaca_fuscata,Trachypithecus_cristatus,21.41,3660.7,2937.95,105.356,0.207
Macaca_nemestrina,Macaca_sinica,6.037,2943.8,3164.79,23.368,0.214
Macaca_nemestrina,Mandrillus_sphinx,12.853,10645.1,8864.28,22.707,0.185
Macaca_nemestrina,Pan_troglodytes,30,11008.3,37179.22,47.092,0.13
Macaca_nemestrina,Papio_anubis,12.853,10193.7,9907.78,63.511,0.167
Macaca_nemestrina,Papio_cynocephalus,12.853,8653.9,8001.37,30.711,0.158
Macaca_nemestrina,Papio_hamadryas,12.853,7236.9,6186.3,20.987,0.103
Macaca_nemestrina,Papio_ursinus,12.853,9072.4,9908.66,6.428,0.172
Macaca_nemestrina,Piliocolobus_badius,21.41,12912.9,609.62,27.783,0.094
Macaca_nemestrina,Pongo_pygmaeus,30,751.6,45587.51,42.306,0.063
Macaca_nemestrina,Saguinus_midas,46.812,18124.6,7280.22,60.259,0.001
Macaca_nemestrina,Saimiri_oerstedii,46.812,18812.4,7106.6,17.509,0.001
Macaca_nemestrina,Saimiri_sciureus,46.812,18712.9,7071.31,60.333,0.001
Macaca_nemestrina,Trachypithecus_cristatus,21.41,66.7,643.97,1.072,0.739
Macaca_sinica,Mandrillus_sphinx,12.853,7710.1,12029.07,46.076,0.154
Macaca_sinica,Pan_troglodytes,30,8066.1,40344.01,70.461,0.115
Macaca_sinica,Papio_anubis,12.853,7255.5,13072.57,86.88,0.122
Macaca_sinica,Papio_cynocephalus,12.853,5760,11166.16,54.079,0.08
Macaca_sinica,Papio_hamadryas,12.853,4311.2,9351.09,44.356,0.103
Macaca_sinica,Papio_ursinus,12.853,6477.5,13073.45,16.94,0.073
Macaca_sinica,Piliocolobus_badius,21.41,9980,3774.41,51.151,0.129
Macaca_sinica,Pongo_pygmaeus,30,3692.7,48752.3,65.674,0.161
Macaca_sinica,Saguinus_midas,46.812,15182.4,4115.43,83.627,0.001
Macaca_sinica,Saimiri_oerstedii,46.812,18263.9,3941.81,5.86,0.001
Macaca_sinica,Saimiri_sciureus,46.812,15804.6,3906.52,83.701,0.001
Macaca_sinica,Trachypithecus_cristatus,21.41,2941.2,2520.82,22.296,0.2
Mandrillus_sphinx,Pan_troglodytes,30,456.1,28314.94,24.385,0.342
Mandrillus_sphinx,Papio_anubis,11.35,974.3,1043.5,40.804,0.315
Mandrillus_sphinx,Papio_cynocephalus,11.35,2074.1,862.91,8.004,0.208
Mandrillus_sphinx,Papio_hamadryas,11.35,3567.7,2677.98,1.72,0.214
Mandrillus_sphinx,Papio_ursinus,11.35,2898.8,1044.38,29.135,0.161
Mandrillus_sphinx,Piliocolobus_badius,21.41,2489.9,8254.66,5.076,0.3
Mandrillus_sphinx,Pongo_pygmaeus,30,11396.6,36723.23,19.599,0.161
Mandrillus_sphinx,Saguinus_midas,46.812,7480.2,16144.5,37.552,0.036
Mandrillus_sphinx,Saimiri_oerstedii,46.812,10572.3,15970.88,40.216,0.001
Mandrillus_sphinx,Saimiri_sciureus,46.812,8094.7,15935.59,37.626,0.021
Mandrillus_sphinx,Trachypithecus_cristatus,21.41,10646.8,9508.25,23.779,0.161
Pan_troglodytes,Papio_anubis,30,1002.5,27271.44,16.419,0.601
Pan_troglodytes,Papio_cynocephalus,30,2505.4,29177.85,16.381,0.319
Pan_troglodytes,Papio_hamadryas,30,3852.3,30992.92,26.105,0.108
Pan_troglodytes,Papio_ursinus,30,3330.1,27270.56,53.52,0.284
Pan_troglodytes,Piliocolobus_badius,30,2049.6,36569.6,19.309,0.364
Pan_troglodytes,Pongo_pygmaeus,15.132,11758.4,8408.29,4.786,0.088
Pan_troglodytes,Saguinus_midas,46.812,7116.7,44459.44,13.167,0.045
Pan_troglodytes,Saimiri_oerstedii,46.812,10206.7,44285.82,64.601,0.015
Pan_troglodytes,Saimiri_sciureus,46.812,7745,44250.53,13.241,0.067
Pan_troglodytes,Trachypithecus_cristatus,30,11007.1,37823.19,48.164,0.13
Papio_anubis,Papio_cynocephalus,2.058,2108,1906.41,32.8,0.557
Papio_anubis,Papio_hamadryas,1.277,2964.4,3721.48,42.524,0.311
Papio_anubis,Papio_ursinus,2.678,3482.7,0.88,69.939,0.534
Papio_anubis,Piliocolobus_badius,21.41,2726.7,9298.16,35.728,0.356
Papio_anubis,Pongo_pygmaeus,30,10936.3,35679.73,21.206,0.073
Papio_anubis,Saguinus_midas,46.812,7942.8,17188,3.253,0.057
Papio_anubis,Saimiri_oerstedii,46.812,11008.4,17014.38,81.02,0.021
Papio_anubis,Saimiri_sciureus,46.812,8593.4,16979.09,3.178,0.079
Papio_anubis,Trachypithecus_cristatus,21.41,10186.5,10551.75,64.584,0.167
Papio_cynocephalus,Papio_hamadryas,2.058,2119.7,1815.07,9.724,0.176
Papio_cynocephalus,Papio_ursinus,2.678,1874.9,1907.29,37.139,0.4
Papio_cynocephalus,Piliocolobus_badius,21.41,4554.9,7391.75,2.928,0.271
Papio_cynocephalus,Pongo_pygmaeus,30,9403.6,37586.14,11.595,0.069
Papio_cynocephalus,Saguinus_midas,46.812,9483.3,15281.59,29.548,0.019
Papio_cynocephalus,Saimiri_oerstedii,46.812,12561.1,15107.97,48.22,0.038
Papio_cynocephalus,Saimiri_sciureus,46.812,10066.4,15072.68,29.622,0.027
Papio_cynocephalus,Trachypithecus_cristatus,21.41,8661.9,8645.34,31.783,0.148
Papio_hamadryas,Papio_ursinus,2.678,3828,3722.36,27.415,0.25
Papio_hamadryas,Piliocolobus_badius,21.41,5676,5576.68,6.796,0.206
Papio_hamadryas,Pongo_pygmaeus,30,7975.8,39401.21,21.319,0.111
Papio_hamadryas,Saguinus_midas,46.812,10905.4,13466.52,39.272,0.001
Papio_hamadryas,Saimiri_oerstedii,46.812,13955.5,13292.9,38.496,0.034
Papio_hamadryas,Saimiri_sciureus,46.812,11557.8,13257.61,39.346,0.001
Papio_hamadryas,Trachypithecus_cristatus,21.41,7227.5,6830.27,22.059,0.125
Papio_ursinus,Piliocolobus_badius,21.41,5140.9,9299.04,34.211,0.254
Papio_ursinus,Pongo_pygmaeus,30,9775.3,35678.85,48.734,0.081
Papio_ursinus,Saguinus_midas,46.812,9205.8,17188.88,66.687,0.033
Papio_ursinus,Saimiri_oerstedii,46.812,12066.1,17015.26,11.081,0.018
Papio_ursinus,Saimiri_sciureus,46.812,9661.9,16979.97,66.761,0.037
Papio_ursinus,Trachypithecus_cristatus,21.41,9099,10552.63,5.356,0.172
Piliocolobus_badius,Pongo_pygmaeus,30,13650.4,44977.89,14.523,0.132
Piliocolobus_badius,Saguinus_midas,46.812,5235.1,7889.84,32.476,0.029
Piliocolobus_badius,Saimiri_oerstedii,46.812,8284,7716.22,45.292,0.065
Piliocolobus_badius,Saimiri_sciureus,46.812,5898.5,7680.93,32.55,0.055
Piliocolobus_badius,Trachypithecus_cristatus,15.435,12903.2,1253.59,28.855,0.171
Pongo_pygmaeus,Saguinus_midas,46.812,18875,52867.73,17.953,0.001
Pongo_pygmaeus,Saimiri_oerstedii,46.812,18060.8,52694.11,59.814,0.001
Pongo_pygmaeus,Saimiri_sciureus,46.812,19436.3,52658.82,18.027,0.001
Pongo_pygmaeus,Trachypithecus_cristatus,30,751.5,46231.48,43.378,0.081
Saguinus_midas,Saimiri_oerstedii,20.093,3092.2,173.62,77.768,0.19
Saguinus_midas,Saimiri_sciureus,20.093,684.7,208.91,0.074,0.516
Saguinus_midas,Trachypithecus_cristatus,46.812,18123.5,6636.25,61.331,0.001
Saimiri_oerstedii,Saimiri_sciureus,1.403,2495.2,35.29,77.842,0.175
Saimiri_oerstedii,Trachypithecus_cristatus,46.812,18807.1,6462.63,16.436,0.001
Saimiri_sciureus,Trachypithecus_cristatus,46.812,18726.3,6427.34,61.405,0.001
