age,response
18-24,Most changes done
18-24,Most changes done
18-24,Most changes done
18-24,Most changes done
18-24,Most changes done
18-24,Most changes done
18-24,Most changes done
18-24,Most changes done
18-24,Most changes done
18-24,Most changes done
18-24,Most changes done
18-24,Most changes done
18-24,Most changes done
18-24,Most changes done
18-24,Most changes done
18-24,Most changes done
18-24,Most changes done
18-24,Most changes done
18-24,Most changes done
18-24,Most changes done
18-24,Most changes done
18-24,Most changes done
18-24,Most changes done
18-24,Most changes done
18-24,Most changes done
18-24,Most changes done
18-24,Most changes done
18-24,Most changes done
18-24,Most changes done
18-24,Most changes done
18-24,Most changes done
18-24,Most changes done
18-24,Need more changes
18-24,Need more changes
18-24,Need more changes
18-24,Need more changes
18-24,Need more changes
18-24,Need more changes
18-24,Need more changes
18-24,Need more changes
18-24,Need more changes
18-24,Need more changes
18-24,Need more changes
18-24,Need more changes
18-24,Need more changes
18-24,Need more changes
18-24,Need more changes
18-24,Need more changes
18-24,Need more changes
18-24,Need more changes
18-24,Need more changes
18-24,Need more changes
18-24,Need more changes
18-24,Need more changes
18-24,Need more changes
18-24,Need more changes
18-24,Need more changes
18-24,Need more changes
18-24,Need more changes
18-24,Need more changes
18-24,Need more changes
18-24,Need more changes
18-24,Need more changes
18-24,Need more changes
18-24,Need more changes
18-24,Need more changes
18-24,Need more changes
25+,Most changes done
25+,Most changes done
25+,Most changes done
25+,Most changes done
25+,Most changes done
25+,Most changes done
25+,Most changes done
25+,Most changes done
25+,Most changes done
25+,Most changes done
25+,Most changes done
25+,Most changes done
25+,Most changes done
25+,Most changes done
25+,Most changes done
25+,Most changes done
25+,Most changes done
25+,Most changes done
25+,Most changes done
25+,Most changes done
25+,Most changes done
25+,Most changes done
25+,Most changes done
25+,Most changes done
25+,Most changes done
25+,Most changes done
25+,Most changes done
25+,Most changes done
25+,Most changes done
25+,Most changes done
25+,Most changes done
25+,Most changes done
25+,Most changes done
25+,Most changes done
25+,Most changes done
25+,Most changes done
25+,Most changes done
25+,Most changes done
25+,Most changes done
25+,Most changes done
25+,Most changes done
25+,Most changes done
25+,Most changes done
25+,Most changes done
25+,Most changes done
25+,Most changes done
25+,Most changes done
25+,Most changes done
25+,Most changes done
25+,Most changes done
25+,Most changes done
25+,Most changes done
25+,Most changes done
25+,Most changes done
25+,Most changes done
25+,Most changes done
25+,Most changes done
25+,Most changes done
25+,Most changes done
25+,Most changes done
25+,Most changes done
25+,Most changes done
25+,Most changes done
25+,Most changes done
25+,Most changes done
25+,Most changes done
25+,Most changes done
25+,Most changes done
25+,Most changes done
25+,Most changes done
25+,Most changes done
25+,Most changes done
25+,Most changes done
25+,Most changes done
25+,Most changes done
25+,Most changes done
25+,Most changes done
25+,Most changes done
25+,Most changes done
25+,Most changes done
25+,Most changes done
25+,Most changes done
25+,Most changes done
25+,Need more changes
25+,Need more changes
25+,Need more changes
25+,Need more changes
25+,Need more changes
25+,Need more changes
25+,Need more changes
25+,Need more changes
25+,Need more changes
25+,Need more changes
25+,Need more changes
25+,Need more changes
25+,Need more changes
25+,Need more changes
25+,Need more changes
25+,Need more changes
25+,Need more changes
25+,Need more changes
25+,Need more changes
25+,Need more changes
25+,Need more changes
25+,Need more changes
25+,Need more changes
25+,Need more changes
25+,Need more changes
25+,Need more changes
25+,Need more changes
25+,Need more changes
25+,Need more changes
25+,Need more changes
25+,Need more changes
25+,Need more changes
25+,Need more changes
25+,Need more changes
25+,Need more changes
25+,Need more changes
25+,Need more changes
25+,Need more changes
25+,Need more changes
25+,Need more changes
25+,Need more changes
25+,Need more changes
25+,Need more changes
25+,Need more changes
25+,Need more changes
25+,Need more changes
25+,Need more changes
25+,Need more changes
25+,Need more changes
25+,Need more changes
25+,Need more changes
25+,Need more changes
25+,Need more changes
25+,Need more changes
25+,Need more changes
25+,Need more changes
25+,Need more changes
25+,Need more changes
25+,Need more changes
25+,Need more changes
25+,Need more changes
25+,Need more changes
25+,Need more changes
25+,Need more changes
25+,Need more changes
25+,Need more changes
25+,Need more changes
25+,Need more changes
25+,Need more changes
25+,Need more changes
25+,Need more changes
25+,Need more changes
25+,Need more changes
25+,Need more changes
25+,Need more changes
25+,Need more changes
25+,Need more changes
25+,Need more changes
25+,Need more changes
25+,Need more changes
25+,Need more changes
25+,Need more changes
25+,Need more changes
25+,Need more changes
25+,Need more changes
25+,Need more changes
25+,Need more changes
25+,Need more changes
25+,Need more changes
25+,Need more changes
25+,Need more changes
25+,Need more changes
25+,Need more changes
25+,Need more changes
25+,Need more changes
25+,Need more changes
25+,Need more changes
25+,Need more changes
25+,Need more changes
25+,Need more changes
25+,Need more changes
25+,Need more changes
25+,Need more changes
25+,Need more changes
25+,Need more changes
25+,Need more changes
25+,Need more changes
25+,Need more changes
25+,Need more changes
25+,Need more changes
25+,Need more changes
25+,Need more changes
25+,Need more changes
25+,Need more changes
25+,Need more changes
25+,Need more changes
25+,Need more changes
25+,Need more changes
25+,Need more changes
25+,Need more changes
25+,Need more changes
25+,Need more changes
25+,Most changes done
25+,Most changes done
25+,Most changes done
25+,Most changes done
25+,Most changes done
25+,Most changes done
25+,Most changes done
25+,Most changes done
25+,Most changes done
25+,Most changes done
25+,Most changes done
25+,Most changes done
25+,Most changes done
25+,Most changes done
25+,Most changes done
25+,Most changes done
25+,Most changes done
25+,Most changes done
25+,Most changes done
25+,Most changes done
25+,Most changes done
25+,Most changes done
25+,Most changes done
25+,Most changes done
25+,Most changes done
25+,Most changes done
25+,Most changes done
25+,Most changes done
25+,Most changes done
25+,Most changes done
25+,Most changes done
25+,Most changes done
25+,Most changes done
25+,Most changes done
25+,Most changes done
25+,Most changes done
25+,Most changes done
25+,Most changes done
25+,Most changes done
25+,Most changes done
25+,Most changes done
25+,Most changes done
25+,Most changes done
25+,Most changes done
25+,Most changes done
25+,Most changes done
25+,Most changes done
25+,Most changes done
25+,Most changes done
25+,Most changes done
25+,Most changes done
25+,Most changes done
25+,Most changes done
25+,Most changes done
25+,Need more changes
25+,Need more changes
25+,Need more changes
25+,Need more changes
25+,Need more changes
25+,Need more changes
25+,Need more changes
25+,Need more changes
25+,Need more changes
25+,Need more changes
25+,Need more changes
25+,Need more changes
25+,Need more changes
25+,Need more changes
25+,Need more changes
25+,Need more changes
25+,Need more changes
25+,Need more changes
25+,Need more changes
25+,Need more changes
25+,Need more changes
25+,Need more changes
25+,Need more changes
25+,Need more changes
25+,Need more changes
25+,Need more changes
25+,Need more changes
25+,Need more changes
25+,Need more changes
25+,Need more changes
25+,Need more changes
25+,Need more changes
25+,Need more changes
25+,Need more changes
25+,Need more changes
25+,Need more changes
25+,Need more changes
25+,Need more changes
25+,Need more changes
25+,Need more changes
25+,Need more changes
25+,Need more changes
25+,Need more changes
25+,Need more changes
25+,Need more changes
25+,Need more changes
25+,Need more changes
25+,Need more changes
25+,Need more changes
25+,Need more changes
25+,Need more changes
25+,Need more changes
25+,Need more changes
25+,Need more changes
25+,Need more changes
25+,Need more changes
25+,Need more changes
25+,Need more changes
25+,Need more changes
25+,Need more changes
25+,Need more changes
25+,Need more changes
25+,Need more changes
25+,Need more changes
25+,Need more changes
25+,Need more changes
25+,Need more changes
25+,Need more changes
25+,Need more changes
25+,Need more changes
25+,Need more changes
25+,Need more changes
25+,Need more changes
25+,Need more changes
25+,Need more changes
25+,Need more changes
25+,Need more changes
25+,Need more changes
25+,Need more changes
25+,Need more changes
25+,Need more changes
25+,Need more changes
25+,Need more changes
25+,Need more changes
25+,Need more changes
25+,Need more changes
25+,Need more changes
25+,Need more changes
25+,Need more changes
25+,Need more changes
25+,Need more changes
25+,Need more changes
25+,Need more changes
25+,Need more changes
25+,Need more changes
25+,Need more changes
25+,Need more changes
25+,Need more changes
25+,Need more changes
25+,Need more changes
25+,Need more changes
25+,Need more changes
25+,Need more changes
25+,Need more changes
25+,Need more changes
25+,Need more changes
25+,Need more changes
25+,Need more changes
25+,Need more changes
25+,Need more changes
25+,Need more changes
25+,Need more changes
25+,Need more changes
25+,Need more changes
25+,Need more changes
25+,Need more changes
25+,Need more changes
25+,Need more changes
25+,Need more changes
25+,Need more changes
25+,Need more changes
25+,Need more changes
25+,Need more changes
25+,Need more changes
25+,Need more changes
25+,Need more changes
25+,Need more changes
25+,Need more changes
25+,Need more changes
25+,Need more changes
25+,Need more changes
25+,Need more changes
25+,Need more changes
25+,Need more changes
25+,Need more changes
25+,Need more changes
25+,Need more changes
25+,Need more changes
25+,Need more changes
25+,Need more changes
25+,Most changes done
25+,Most changes done
25+,Most changes done
25+,Most changes done
25+,Most changes done
25+,Most changes done
25+,Most changes done
25+,Most changes done
25+,Most changes done
25+,Most changes done
25+,Most changes done
25+,Most changes done
25+,Most changes done
25+,Most changes done
25+,Most changes done
25+,Most changes done
25+,Most changes done
25+,Most changes done
25+,Most changes done
25+,Most changes done
25+,Most changes done
25+,Most changes done
25+,Most changes done
25+,Most changes done
25+,Most changes done
25+,Most changes done
25+,Most changes done
25+,Most changes done
25+,Most changes done
25+,Most changes done
25+,Most changes done
25+,Most changes done
25+,Most changes done
25+,Most changes done
25+,Most changes done
25+,Most changes done
25+,Most changes done
25+,Most changes done
25+,Most changes done
25+,Most changes done
25+,Most changes done
25+,Most changes done
25+,Most changes done
25+,Most changes done
25+,Most changes done
25+,Most changes done
25+,Most changes done
25+,Most changes done
25+,Most changes done
25+,Most changes done
25+,Most changes done
25+,Most changes done
25+,Most changes done
25+,Most changes done
25+,Most changes done
25+,Most changes done
25+,Most changes done
25+,Most changes done
25+,Most changes done
25+,Most changes done
25+,Most changes done
25+,Most changes done
25+,Most changes done
25+,Most changes done
25+,Need more changes
25+,Need more changes
25+,Need more changes
25+,Need more changes
25+,Need more changes
25+,Need more changes
25+,Need more changes
25+,Need more changes
25+,Need more changes
25+,Need more changes
25+,Need more changes
25+,Need more changes
25+,Need more changes
25+,Need more changes
25+,Need more changes
25+,Need more changes
25+,Need more changes
25+,Need more changes
25+,Need more changes
25+,Need more changes
25+,Need more changes
25+,Need more changes
25+,Need more changes
25+,Need more changes
25+,Need more changes
25+,Need more changes
25+,Need more changes
25+,Need more changes
25+,Need more changes
25+,Need more changes
25+,Need more changes
25+,Need more changes
25+,Need more changes
25+,Need more changes
25+,Need more changes
25+,Need more changes
25+,Need more changes
25+,Need more changes
25+,Need more changes
25+,Need more changes
25+,Need more changes
25+,Need more changes
25+,Need more changes
25+,Need more changes
25+,Need more changes
25+,Need more changes
25+,Need more changes
25+,Need more changes
25+,Need more changes
25+,Need more changes
25+,Need more changes
25+,Need more changes
25+,Need more changes
25+,Need more changes
25+,Need more changes
25+,Need more changes
25+,Need more changes
25+,Need more changes
25+,Need more changes
25+,Need more changes
25+,Need more changes
25+,Need more changes
25+,Need more changes
25+,Need more changes
25+,Need more changes
25+,Need more changes
25+,Need more changes
25+,Need more changes
25+,Need more changes
25+,Need more changes
25+,Need more changes
25+,Need more changes
25+,Need more changes
25+,Need more changes
25+,Need more changes
25+,Need more changes
25+,Need more changes
25+,Need more changes
25+,Need more changes
25+,Need more changes
25+,Need more changes
25+,Need more changes
25+,Need more changes
25+,Need more changes
25+,Need more changes
25+,Need more changes
25+,Need more changes
25+,Need more changes
25+,Need more changes
25+,Need more changes
25+,Need more changes
25+,Need more changes
25+,Need more changes
25+,Need more changes
25+,Need more changes
25+,Need more changes
25+,Need more changes
25+,Need more changes
25+,Need more changes
25+,Need more changes
25+,Need more changes
25+,Need more changes
25+,Need more changes
25+,Need more changes
25+,Need more changes
25+,Need more changes
25+,Need more changes
25+,Need more changes
25+,Need more changes
25+,Need more changes
25+,Need more changes
25+,Need more changes
25+,Need more changes
25+,Need more changes
25+,Need more changes
25+,Need more changes
25+,Need more changes
25+,Need more changes
25+,Need more changes
25+,Need more changes
25+,Need more changes
25+,Need more changes
25+,Need more changes
25+,Need more changes
25+,Need more changes
25+,Need more changes
25+,Need more changes
25+,Need more changes
25+,Need more changes
25+,Need more changes
25+,Need more changes
25+,Need more changes
25+,Need more changes
25+,Need more changes
25+,Need more changes
25+,Need more changes
25+,Need more changes
25+,Need more changes
25+,Need more changes
25+,Need more changes
25+,Need more changes
25+,Need more changes
25+,Need more changes
25+,Need more changes
25+,Need more changes
25+,Need more changes
25+,Need more changes
25+,Need more changes
25+,Need more changes
25+,Most changes done
25+,Most changes done
25+,Most changes done
25+,Most changes done
25+,Most changes done
25+,Most changes done
25+,Most changes done
25+,Most changes done
25+,Most changes done
25+,Most changes done
25+,Need more changes
25+,Need more changes
25+,Need more changes
25+,Need more changes
25+,Need more changes
25+,Need more changes
25+,Need more changes
25+,Need more changes
25+,Need more changes
25+,Need more changes
25+,Need more changes
25+,Need more changes
25+,Need more changes
25+,Need more changes
25+,Need more changes
25+,Need more changes
25+,Need more changes
25+,Need more changes
25+,Need more changes
25+,Need more changes
25+,Need more changes
25+,Need more changes
25+,Need more changes
25+,Need more changes
25+,Need more changes
25+,Need more changes
25+,Need more changes
25+,Need more changes
25+,Need more changes
25+,Need more changes
25+,Need more changes
25+,Need more changes
25+,Need more changes
25+,Need more changes
25+,Need more changes
25+,Need more changes
25+,Need more changes
25+,Need more changes
25+,Need more changes
